,mae,mape,smape,nrmse,nmae,cpc
0,0.0958118587732315,5.231712341308594,0.7728442549705505,0.1514753715194412,0.0958118587732315,0.7266900563502277
