,mae,mape,smape,nrmse,nmae
0,0.10089549422264099,5.436643123626709,0.7992643713951111,0.15241356824651942,0.10089549422264099
