,mae,mape,smape,nrmse,nmae
0,0.0954928994178772,4.855723857879639,0.8134511113166809,0.14471023663113894,0.0954928994178772
