,mae,mape,smape,nrmse,nmae,cpc
0,0.09357914328575134,6.808557033538818,0.787781298160553,0.1404250367660514,0.09357914328575134,0.732745468702775
