,mae,mape,smape,nrmse,nmae,cpc
0,0.10313548892736435,4.423156261444092,0.8191266059875488,0.15122166713718807,0.10313548892736435,0.7252523378217794
