,mae,mape,smape,nrmse,nmae
0,0.0916648879647255,4.724496364593506,0.8361815214157104,0.13029971162451096,0.0916648879647255
