,mae,mape,smape,nrmse,nmae,cpc
0,0.09487241506576538,4.8490753173828125,0.8031147718429565,0.14473715555169422,0.09487241506576538,0.7292345573863913
