,mae,mape,smape,nrmse,nmae
0,0.09778802841901779,4.813762187957764,0.799350917339325,0.14644405747771205,0.09778802841901779
