,mae,mape,smape,nrmse,nmae
0,0.09775061160326004,4.555318832397461,0.8601951599121094,0.1403080882401163,0.09775061160326004
