,mae,mape,smape,nrmse,nmae,cpc
0,0.09595885127782822,4.348307132720947,0.7810266017913818,0.13987600007775006,0.09595885127782822,0.7365252646627409
