,mae,mape,smape,nrmse,nmae,cpc
0,0.09825211018323898,5.354362964630127,0.7940226793289185,0.14985209720164408,0.09825211018323898,0.7277842043731236
