,mae,mape,smape,nrmse,nmae
0,0.0935661643743515,4.448333263397217,0.7962175011634827,0.13623256141349752,0.0935661643743515
