,mae,mape,smape,nrmse,nmae
0,0.09438007324934006,6.211609363555908,0.8381931781768799,0.14262939227894825,0.09438007324934006
