,mae,mape,smape,nrmse,nmae,cpc
0,0.09848547726869583,5.483274936676025,0.8050098419189453,0.14540963984903912,0.09848547726869583,0.7263629072623703
