,mae,mape,smape,nrmse,nmae
0,0.10430783033370972,5.020656585693359,0.7700749635696411,0.16115117385003686,0.10430783033370972
