,mae,mape,smape,nrmse,nmae,cpc
0,0.09476515650749207,4.98898458480835,0.7999595999717712,0.13639803614677123,0.09476515650749207,0.73701195160388
