,mae,mape,smape,nrmse,nmae,cpc
0,0.0994112640619278,5.143962860107422,0.8428889513015747,0.14634918085510992,0.0994112640619278,0.7176224047897841
