,mae,mape,smape,nrmse,nmae
0,0.09364542365074158,6.233054161071777,0.8237357139587402,0.1406984230923466,0.09364542365074158
