,mae,mape,smape,nrmse,nmae,cpc
0,0.10319416970014572,5.04412841796875,0.8102872371673584,0.15283630560117073,0.10319416970014572,0.7151249664471846
