,mae,mape,smape,nrmse,nmae
0,0.1047515794634819,5.770571231842041,0.830363392829895,0.1560525951370762,0.1047515794634819
