,mae,mape,smape,nrmse,nmae,cpc
0,0.0981026291847229,4.7130818367004395,0.7998268008232117,0.14620335752076097,0.0981026291847229,0.7250894272429255
