,mae,mape,smape,nrmse,nmae
0,0.10117141157388687,6.812093257904053,0.7930418848991394,0.15280555921220712,0.10117141157388687
