,mae,mape,smape,nrmse,nmae,cpc
0,0.10699841380119324,6.284765720367432,0.8543081283569336,0.15546943645453667,0.10699841380119324,0.7044598362824311
