,mae,mape,smape,nrmse,nmae
0,0.10646793246269226,4.980521202087402,0.8243054747581482,0.15347865551857712,0.10646793246269226
