,mae,mape,smape,nrmse,nmae
0,0.1045745387673378,6.234892845153809,0.8281591534614563,0.14913889629604934,0.1045745387673378
