,mae,mape,smape,nrmse,nmae,cpc
0,0.09932822734117508,5.16896915435791,0.7912576198577881,0.14268839990466414,0.09932822734117508,0.7316100374356539
