,mae,mape,smape,nrmse,nmae,cpc
0,0.10020521283149719,5.763291835784912,0.8718259334564209,0.1469521141294895,0.10020521283149719,0.7089561720247343
