,mae,mape,smape,nrmse,nmae
0,0.08929392695426941,5.798803329467773,0.8151854276657104,0.13623724517795505,0.08929392695426941
