,mae,mape,smape,nrmse,nmae,cpc
0,0.09416083991527557,6.109333515167236,0.7821390628814697,0.1396417121207647,0.09416083991527557,0.7295437154181605
