,mae,mape,smape,nrmse,nmae
0,0.10328678041696548,6.559076309204102,0.831270158290863,0.15386515577049378,0.10328678041696548
