,mae,mape,smape,nrmse,nmae,cpc
0,0.10058137029409409,4.612703800201416,0.8182705044746399,0.1522414521315809,0.10058137029409409,0.7177855874866206
