,mae,mape,smape,nrmse,nmae
0,0.09154607355594635,5.571049213409424,0.793088972568512,0.13515295623150753,0.09154607355594635
