,mae,mape,smape,nrmse,nmae
0,0.10365845263004303,5.773003578186035,0.8171842098236084,0.15128205679007492,0.10365845263004303
