,mae,mape,smape,nrmse,nmae,cpc
0,0.10340850800275803,5.183512210845947,0.8004351258277893,0.15498707108313245,0.10340850800275803,0.7236134743070823
