,mae,mape,smape,nrmse,nmae
0,0.09868158400058746,4.767197608947754,0.8145610094070435,0.144362667807895,0.09868158400058746
