,mae,mape,smape,nrmse,nmae,cpc
0,0.10003761202096939,6.103917598724365,0.8140650391578674,0.1517252218659417,0.10003761202096939,0.7221968775732166
