,mae,mape,smape,nrmse,nmae
0,0.0938950926065445,5.503912448883057,0.8488756418228149,0.1434610481689197,0.0938950926065445
