,mae,mape,smape,nrmse,nmae,cpc
0,0.09222665429115295,5.07181978225708,0.7900797724723816,0.13731508593655808,0.09222665429115295,0.7373764375152144
