,mae,mape,smape,nrmse,nmae,cpc
0,0.09434664994478226,4.204980850219727,0.7960876226425171,0.13979463756058597,0.09434664994478226,0.7306188181408385
