,mae,mape,smape,nrmse,nmae
0,0.09711485356092453,4.817870140075684,0.7906123399734497,0.14169011941128368,0.09711485356092453
