,mae,mape,smape,nrmse,nmae,cpc
0,0.10784421861171722,7.5984272956848145,0.8702852129936218,0.1451109639802342,0.10784421861171722,0.7072769083713084
