,mae,mape,smape,nrmse,nmae
0,0.10449866950511932,5.897159099578857,0.8551957607269287,0.15178682864373078,0.10449866950511932
