,mae,mape,smape,nrmse,nmae
0,0.09431044012308121,5.27362585067749,0.8414641618728638,0.13394782049172707,0.09431044012308121
