,mae,mape,smape,nrmse,nmae,cpc
0,0.10467479377985,6.684988975524902,0.8237534761428833,0.16780353699573972,0.10467479377985,0.7043414299494938
