,mae,mape,smape,nrmse,nmae,cpc
0,0.09668100625276566,4.684679985046387,0.8258553743362427,0.15003483803343984,0.09668100625276566,0.722125788952593
