,mae,mape,smape,nrmse,nmae
0,0.09875879436731339,7.51548957824707,0.8115999102592468,0.15083497184780748,0.09875879436731339
