,mae,mape,smape,nrmse,nmae
0,0.09213114529848099,4.055468559265137,0.8036189079284668,0.13359156099386815,0.09213114529848099
