,mae,mape,smape,nrmse,nmae,cpc
0,0.09933914989233017,6.378573894500732,0.8029394149780273,0.15126931108019956,0.09933914989233017,0.7237999279791999
