,mae,mape,smape,nrmse,nmae,cpc
0,0.1050732433795929,6.139480113983154,0.7961537837982178,0.1615044208247258,0.1050732433795929,0.7155695153984731
