,mae,mape,smape,nrmse,nmae
0,0.09914125502109528,4.244166851043701,0.8218570947647095,0.1516956204818423,0.09914125502109528
